name,total,Year,Month
Prospect Park West,38213,2016,11
Prospect Park West,35927,2016,12
Prospect Park West,32093,2017,1
Prospect Park West,36401,2017,2
Prospect Park West,35274,2017,3
Prospect Park West,63333,2017,4
Prospect Park West,68600,2017,5
Prospect Park West,83469,2017,6
Prospect Park West,85577,2017,7
Prospect Park West,81196,2017,8
Prospect Park West,82334,2017,9
Prospect Park West,77085,2017,10
Prospect Park West,55552,2017,11
Prospect Park West,39127,2017,12
Prospect Park West,32867,2018,1
Prospect Park West,36546,2018,2
Prospect Park West,42945,2018,3
Prospect Park West,58521,2018,4
Prospect Park West,74620,2018,5
Prospect Park West,83889,2018,6
Prospect Park West,84129,2018,7
Prospect Park West,77438,2018,8
Prospect Park West,75368,2018,9
Prospect Park West,71317,2018,10
Prospect Park West,51444,2018,11
Prospect Park West,43146,2018,12
Prospect Park West,41943,2019,1
Prospect Park West,38658,2019,2
Prospect Park West,50675,2019,3
Prospect Park West,67088,2019,4
Prospect Park West,77548,2019,5
Prospect Park West,91088,2019,6
Prospect Park West,83488,2019,7
Prospect Park West,84851,2019,8
Prospect Park West,88969,2019,9
Prospect Park West,72349,2019,10
Prospect Park West,58116,2019,11
Prospect Park West,41063,2019,12
Prospect Park West,51137,2020,1
Prospect Park West,46062,2020,2
Prospect Park West,56367,2020,3
Prospect Park West,48057,2020,4
Prospect Park West,93759,2020,5
Prospect Park West,111295,2020,6
Prospect Park West,104461,2020,7
Prospect Park West,114291,2020,8
Prospect Park West,121081,2020,9
Prospect Park West,110430,2020,10
Prospect Park West,88670,2020,11
Prospect Park West,56830,2020,12
Prospect Park West,61076,2021,1
Prospect Park West,37846,2021,2
Prospect Park West,75682,2021,3
Prospect Park West,90238,2021,4
Prospect Park West,108243,2021,5
Manhattan Bridge Ped Path,1341,2013,12
Manhattan Bridge Ped Path,1219,2014,1
Manhattan Bridge Ped Path,1095,2014,2
Manhattan Bridge Ped Path,1992,2014,3
Manhattan Bridge Ped Path,3539,2014,4
Manhattan Bridge Ped Path,4569,2014,5
Manhattan Bridge Ped Path,4845,2014,6
Manhattan Bridge Ped Path,5357,2014,7
Manhattan Bridge Ped Path,4827,2014,8
Manhattan Bridge Ped Path,3604,2014,9
Manhattan Bridge Ped Path,3005,2014,10
Manhattan Bridge Ped Path,1922,2014,11
Manhattan Bridge Ped Path,1707,2014,12
Manhattan Bridge Ped Path,1270,2015,1
Manhattan Bridge Ped Path,871,2015,2
Manhattan Bridge Ped Path,1739,2015,3
Manhattan Bridge Ped Path,3687,2015,4
Manhattan Bridge Ped Path,5392,2015,5
Manhattan Bridge Ped Path,5006,2015,6
Manhattan Bridge Ped Path,6282,2015,7
Manhattan Bridge Ped Path,6839,2015,8
Manhattan Bridge Ped Path,6027,2015,9
Manhattan Bridge Ped Path,4667,2015,10
Manhattan Bridge Ped Path,3572,2015,11
Manhattan Bridge Ped Path,2936,2015,12
Manhattan Bridge Ped Path,1994,2016,1
Manhattan Bridge Ped Path,1959,2016,2
Manhattan Bridge Ped Path,3579,2016,3
Manhattan Bridge Ped Path,4566,2016,4
Manhattan Bridge Ped Path,5312,2016,5
Manhattan Bridge Ped Path,6113,2016,6
Manhattan Bridge Ped Path,6278,2016,7
Manhattan Bridge Ped Path,6701,2016,8
Manhattan Bridge Ped Path,6343,2016,9
Manhattan Bridge Ped Path,5024,2016,10
Manhattan Bridge Ped Path,4040,2016,11
Manhattan Bridge Ped Path,2990,2016,12
Manhattan Bridge Ped Path,2647,2017,1
Manhattan Bridge Ped Path,3150,2017,2
Manhattan Bridge Ped Path,2736,2017,3
Manhattan Bridge Ped Path,5385,2017,4
Manhattan Bridge Ped Path,6060,2017,5
Manhattan Bridge Ped Path,6716,2017,6
Manhattan Bridge Ped Path,7474,2017,7
Manhattan Bridge Ped Path,7990,2017,8
Manhattan Bridge Ped Path,7430,2017,9
Manhattan Bridge Ped Path,7517,2017,10
Manhattan Bridge Ped Path,4432,2017,11
Manhattan Bridge Ped Path,2904,2017,12
Manhattan Bridge Ped Path,2469,2018,1
Manhattan Bridge Ped Path,3145,2018,2
Manhattan Bridge Ped Path,3466,2018,3
Manhattan Bridge Ped Path,4640,2018,4
Manhattan Bridge Ped Path,6673,2018,5
Manhattan Bridge Ped Path,7920,2018,6
Manhattan Bridge Ped Path,7015,2018,7
Manhattan Bridge Ped Path,6397,2018,8
Manhattan Bridge Ped Path,6007,2018,9
Manhattan Bridge Ped Path,5496,2018,10
Manhattan Bridge Ped Path,3624,2018,11
Manhattan Bridge Ped Path,2994,2018,12
Manhattan Bridge Ped Path,2404,2019,1
Manhattan Bridge Ped Path,2561,2019,2
Manhattan Bridge Ped Path,3539,2019,3
Manhattan Bridge Ped Path,5190,2019,4
Manhattan Bridge Ped Path,5909,2019,5
Manhattan Bridge Ped Path,6485,2019,6
Manhattan Bridge Ped Path,6959,2019,7
Manhattan Bridge Ped Path,7050,2019,8
Manhattan Bridge Ped Path,6911,2019,9
Manhattan Bridge Ped Path,5164,2019,10
Manhattan Bridge Ped Path,3380,2019,11
Manhattan Bridge Ped Path,2386,2019,12
Manhattan Bridge Ped Path,2895,2020,1
Manhattan Bridge Ped Path,2635,2020,2
Manhattan Bridge Ped Path,3793,2020,3
Manhattan Bridge Ped Path,3801,2020,4
Manhattan Bridge Ped Path,7886,2020,5
Manhattan Bridge Ped Path,10499,2020,6
Manhattan Bridge Ped Path,9463,2020,7
Manhattan Bridge Ped Path,9628,2020,8
Manhattan Bridge Ped Path,9380,2020,9
Manhattan Bridge Ped Path,7669,2020,10
Manhattan Bridge Ped Path,5658,2020,11
Manhattan Bridge Ped Path,3516,2020,12
Manhattan Bridge Ped Path,3414,2021,1
Manhattan Bridge Ped Path,2111,2021,2
Manhattan Bridge Ped Path,4767,2021,3
Manhattan Bridge Ped Path,5395,2021,4
Manhattan Bridge Ped Path,6279,2021,5
Williamsburg Bridge Bike Path,54546,2013,12
Williamsburg Bridge Bike Path,41642,2014,1
Williamsburg Bridge Bike Path,34232,2014,2
Williamsburg Bridge Bike Path,74067,2014,3
Williamsburg Bridge Bike Path,134126,2014,4
Williamsburg Bridge Bike Path,181350,2014,5
Williamsburg Bridge Bike Path,201030,2014,6
Williamsburg Bridge Bike Path,204908,2014,7
Williamsburg Bridge Bike Path,209122,2014,8
Williamsburg Bridge Bike Path,197308,2014,9
Williamsburg Bridge Bike Path,164518,2014,10
Williamsburg Bridge Bike Path,96011,2014,11
Williamsburg Bridge Bike Path,64482,2014,12
Williamsburg Bridge Bike Path,42082,2015,1
Williamsburg Bridge Bike Path,25476,2015,2
Williamsburg Bridge Bike Path,63081,2015,3
Williamsburg Bridge Bike Path,150915,2015,4
Williamsburg Bridge Bike Path,219451,2015,5
Williamsburg Bridge Bike Path,186394,2015,6
Williamsburg Bridge Bike Path,203282,2015,7
Williamsburg Bridge Bike Path,215777,2015,8
Williamsburg Bridge Bike Path,205994,2015,9
Williamsburg Bridge Bike Path,168515,2015,10
Williamsburg Bridge Bike Path,131498,2015,11
Williamsburg Bridge Bike Path,97079,2015,12
Williamsburg Bridge Bike Path,61041,2016,1
Williamsburg Bridge Bike Path,64704,2016,2
Williamsburg Bridge Bike Path,127772,2016,3
Williamsburg Bridge Bike Path,145874,2016,4
Williamsburg Bridge Bike Path,173671,2016,5
Williamsburg Bridge Bike Path,218496,2016,6
Williamsburg Bridge Bike Path,195061,2016,7
Williamsburg Bridge Bike Path,211380,2016,8
Williamsburg Bridge Bike Path,197928,2016,9
Williamsburg Bridge Bike Path,176017,2016,10
Williamsburg Bridge Bike Path,127684,2016,11
Williamsburg Bridge Bike Path,76866,2016,12
Williamsburg Bridge Bike Path,69335,2017,1
Williamsburg Bridge Bike Path,83665,2017,2
Williamsburg Bridge Bike Path,73646,2017,3
Williamsburg Bridge Bike Path,148268,2017,4
Williamsburg Bridge Bike Path,177015,2017,5
Williamsburg Bridge Bike Path,198600,2017,6
Williamsburg Bridge Bike Path,188284,2017,7
Williamsburg Bridge Bike Path,198611,2017,8
Williamsburg Bridge Bike Path,198430,2017,9
Williamsburg Bridge Bike Path,185847,2017,10
Williamsburg Bridge Bike Path,121990,2017,11
Williamsburg Bridge Bike Path,73651,2017,12
Williamsburg Bridge Bike Path,56569,2018,1
Williamsburg Bridge Bike Path,72032,2018,2
Williamsburg Bridge Bike Path,80252,2018,3
Williamsburg Bridge Bike Path,117531,2018,4
Williamsburg Bridge Bike Path,179961,2018,5
Williamsburg Bridge Bike Path,192233,2018,6
Williamsburg Bridge Bike Path,180972,2018,7
Williamsburg Bridge Bike Path,183326,2018,8
Williamsburg Bridge Bike Path,161971,2018,9
Williamsburg Bridge Bike Path,170622,2018,10
Williamsburg Bridge Bike Path,99749,2018,11
Williamsburg Bridge Bike Path,73777,2018,12
Williamsburg Bridge Bike Path,68086,2019,1
Williamsburg Bridge Bike Path,71376,2019,2
Williamsburg Bridge Bike Path,99832,2019,3
Williamsburg Bridge Bike Path,146680,2019,4
Williamsburg Bridge Bike Path,170982,2019,5
Williamsburg Bridge Bike Path,185982,2019,6
Williamsburg Bridge Bike Path,184592,2019,7
Williamsburg Bridge Bike Path,198908,2019,8
Williamsburg Bridge Bike Path,207942,2019,9
Williamsburg Bridge Bike Path,163784,2019,10
Williamsburg Bridge Bike Path,113867,2019,11
Williamsburg Bridge Bike Path,66799,2019,12
Williamsburg Bridge Bike Path,93714,2020,1
Williamsburg Bridge Bike Path,84602,2020,2
Williamsburg Bridge Bike Path,115964,2020,3
Williamsburg Bridge Bike Path,92363,2020,4
Williamsburg Bridge Bike Path,186791,2020,5
Williamsburg Bridge Bike Path,244351,2020,6
Williamsburg Bridge Bike Path,246919,2020,7
Williamsburg Bridge Bike Path,257649,2020,8
Williamsburg Bridge Bike Path,266846,2020,9
Williamsburg Bridge Bike Path,229507,2020,10
Williamsburg Bridge Bike Path,174424,2020,11
Williamsburg Bridge Bike Path,100894,2020,12
Williamsburg Bridge Bike Path,100095,2021,1
Williamsburg Bridge Bike Path,53997,2021,2
Williamsburg Bridge Bike Path,136095,2021,3
Williamsburg Bridge Bike Path,170995,2021,4
Williamsburg Bridge Bike Path,216487,2021,5
Ed Koch Queensboro Bridge Shared Path,30884,2013,12
Ed Koch Queensboro Bridge Shared Path,27011,2014,1
Ed Koch Queensboro Bridge Shared Path,22084,2014,2
Ed Koch Queensboro Bridge Shared Path,49168,2014,3
Ed Koch Queensboro Bridge Shared Path,89175,2014,4
Ed Koch Queensboro Bridge Shared Path,117828,2014,5
Ed Koch Queensboro Bridge Shared Path,133457,2014,6
Ed Koch Queensboro Bridge Shared Path,141555,2014,7
Ed Koch Queensboro Bridge Shared Path,148433,2014,8
Ed Koch Queensboro Bridge Shared Path,139004,2014,9
Ed Koch Queensboro Bridge Shared Path,113054,2014,10
Ed Koch Queensboro Bridge Shared Path,70225,2014,11
Ed Koch Queensboro Bridge Shared Path,51376,2014,12
Ed Koch Queensboro Bridge Shared Path,33899,2015,1
Ed Koch Queensboro Bridge Shared Path,21320,2015,2
Ed Koch Queensboro Bridge Shared Path,49678,2015,3
Ed Koch Queensboro Bridge Shared Path,104776,2015,4
Ed Koch Queensboro Bridge Shared Path,147090,2015,5
Ed Koch Queensboro Bridge Shared Path,132559,2015,6
Ed Koch Queensboro Bridge Shared Path,148505,2015,7
Ed Koch Queensboro Bridge Shared Path,158457,2015,8
Ed Koch Queensboro Bridge Shared Path,149019,2015,9
Ed Koch Queensboro Bridge Shared Path,120112,2015,10
Ed Koch Queensboro Bridge Shared Path,96632,2015,11
Ed Koch Queensboro Bridge Shared Path,75339,2015,12
Ed Koch Queensboro Bridge Shared Path,48588,2016,1
Ed Koch Queensboro Bridge Shared Path,53057,2016,2
Ed Koch Queensboro Bridge Shared Path,95233,2016,3
Ed Koch Queensboro Bridge Shared Path,100586,2016,4
Ed Koch Queensboro Bridge Shared Path,118519,2016,5
Ed Koch Queensboro Bridge Shared Path,144234,2016,6
Ed Koch Queensboro Bridge Shared Path,144957,2016,7
Ed Koch Queensboro Bridge Shared Path,156927,2016,8
Ed Koch Queensboro Bridge Shared Path,140601,2016,9
Ed Koch Queensboro Bridge Shared Path,114531,2016,10
Ed Koch Queensboro Bridge Shared Path,93456,2016,11
Ed Koch Queensboro Bridge Shared Path,63441,2016,12
Ed Koch Queensboro Bridge Shared Path,55677,2017,1
Ed Koch Queensboro Bridge Shared Path,61399,2017,2
Ed Koch Queensboro Bridge Shared Path,53999,2017,3
Ed Koch Queensboro Bridge Shared Path,104484,2017,4
Ed Koch Queensboro Bridge Shared Path,126320,2017,5
Ed Koch Queensboro Bridge Shared Path,142096,2017,6
Ed Koch Queensboro Bridge Shared Path,141068,2017,7
Ed Koch Queensboro Bridge Shared Path,160251,2017,8
Ed Koch Queensboro Bridge Shared Path,151615,2017,9
Ed Koch Queensboro Bridge Shared Path,147971,2017,10
Ed Koch Queensboro Bridge Shared Path,100311,2017,11
Ed Koch Queensboro Bridge Shared Path,71776,2017,12
Ed Koch Queensboro Bridge Shared Path,49462,2018,1
Ed Koch Queensboro Bridge Shared Path,58290,2018,2
Ed Koch Queensboro Bridge Shared Path,64347,2018,3
Ed Koch Queensboro Bridge Shared Path,89962,2018,4
Ed Koch Queensboro Bridge Shared Path,134999,2018,5
Ed Koch Queensboro Bridge Shared Path,144022,2018,6
Ed Koch Queensboro Bridge Shared Path,140051,2018,7
Ed Koch Queensboro Bridge Shared Path,140280,2018,8
Ed Koch Queensboro Bridge Shared Path,120718,2018,9
Ed Koch Queensboro Bridge Shared Path,122110,2018,10
Ed Koch Queensboro Bridge Shared Path,76154,2018,11
Ed Koch Queensboro Bridge Shared Path,62153,2018,12
Ed Koch Queensboro Bridge Shared Path,55890,2019,1
Ed Koch Queensboro Bridge Shared Path,54736,2019,2
Ed Koch Queensboro Bridge Shared Path,73846,2019,3
Ed Koch Queensboro Bridge Shared Path,103843,2019,4
Ed Koch Queensboro Bridge Shared Path,119091,2019,5
Ed Koch Queensboro Bridge Shared Path,125659,2019,6
Ed Koch Queensboro Bridge Shared Path,135950,2019,7
Ed Koch Queensboro Bridge Shared Path,143951,2019,8
Ed Koch Queensboro Bridge Shared Path,141162,2019,9
Ed Koch Queensboro Bridge Shared Path,116190,2019,10
Ed Koch Queensboro Bridge Shared Path,84128,2019,11
Ed Koch Queensboro Bridge Shared Path,57945,2019,12
Ed Koch Queensboro Bridge Shared Path,74596,2020,1
Ed Koch Queensboro Bridge Shared Path,68286,2020,2
Ed Koch Queensboro Bridge Shared Path,87870,2020,3
Ed Koch Queensboro Bridge Shared Path,72935,2020,4
Ed Koch Queensboro Bridge Shared Path,150359,2020,5
Ed Koch Queensboro Bridge Shared Path,193944,2020,6
Ed Koch Queensboro Bridge Shared Path,198812,2020,7
Ed Koch Queensboro Bridge Shared Path,201749,2020,8
Ed Koch Queensboro Bridge Shared Path,208093,2020,9
Ed Koch Queensboro Bridge Shared Path,180902,2020,10
Ed Koch Queensboro Bridge Shared Path,144607,2020,11
Ed Koch Queensboro Bridge Shared Path,96730,2020,12
Ed Koch Queensboro Bridge Shared Path,98343,2021,1
Ed Koch Queensboro Bridge Shared Path,59222,2021,2
Ed Koch Queensboro Bridge Shared Path,123058,2021,3
Ed Koch Queensboro Bridge Shared Path,145515,2021,4
Ed Koch Queensboro Bridge Shared Path,169782,2021,5
Staten Island Ferry,479,2016,3
Staten Island Ferry,13488,2016,4
Staten Island Ferry,14899,2016,5
Staten Island Ferry,18020,2016,6
Staten Island Ferry,17601,2016,7
Staten Island Ferry,19453,2016,8
Staten Island Ferry,17377,2016,9
Staten Island Ferry,14546,2016,10
Staten Island Ferry,11106,2016,11
Staten Island Ferry,8432,2016,12
Staten Island Ferry,7818,2017,1
Staten Island Ferry,8255,2017,2
Staten Island Ferry,7596,2017,3
Staten Island Ferry,12814,2017,4
Staten Island Ferry,14762,2017,5
Staten Island Ferry,16029,2017,6
Staten Island Ferry,17021,2017,7
Staten Island Ferry,17973,2017,8
Staten Island Ferry,15393,2017,9
Staten Island Ferry,13412,2017,10
Staten Island Ferry,9798,2017,11
Staten Island Ferry,7409,2017,12
Staten Island Ferry,6196,2018,1
Staten Island Ferry,6637,2018,2
Staten Island Ferry,6997,2018,3
Staten Island Ferry,9708,2018,4
Staten Island Ferry,12750,2018,5
Staten Island Ferry,13576,2018,6
Staten Island Ferry,14355,2018,7
Staten Island Ferry,13896,2018,8
Staten Island Ferry,12902,2018,9
Staten Island Ferry,12501,2018,10
Staten Island Ferry,8696,2018,11
Staten Island Ferry,7641,2018,12
Staten Island Ferry,7148,2019,1
Staten Island Ferry,6726,2019,2
Staten Island Ferry,8148,2019,3
Staten Island Ferry,10882,2019,4
Staten Island Ferry,12750,2019,5
Staten Island Ferry,13154,2019,6
Staten Island Ferry,13807,2019,7
Staten Island Ferry,14857,2019,8
Staten Island Ferry,13956,2019,9
Staten Island Ferry,11685,2019,10
Staten Island Ferry,9581,2019,11
Staten Island Ferry,7101,2019,12
Staten Island Ferry,8701,2020,1
Staten Island Ferry,7664,2020,2
Staten Island Ferry,7598,2020,3
Staten Island Ferry,4861,2020,4
Staten Island Ferry,9015,2020,5
Staten Island Ferry,13006,2020,6
Staten Island Ferry,14328,2020,7
Staten Island Ferry,15103,2020,8
Staten Island Ferry,16503,2020,9
Staten Island Ferry,14562,2020,10
Staten Island Ferry,11638,2020,11
Staten Island Ferry,8700,2020,12
Staten Island Ferry,8636,2021,1
Staten Island Ferry,5283,2021,2
Staten Island Ferry,10269,2021,3
Staten Island Ferry,11693,2021,4
Staten Island Ferry,14055,2021,5
Pulaski Bridge,17124,2017,6
Pulaski Bridge,68187,2017,7
Pulaski Bridge,70286,2017,8
Pulaski Bridge,72351,2017,9
Pulaski Bridge,63011,2017,10
Pulaski Bridge,40741,2017,11
Pulaski Bridge,26937,2017,12
Pulaski Bridge,21237,2018,1
Pulaski Bridge,26789,2018,2
Pulaski Bridge,30513,2018,3
Pulaski Bridge,43068,2018,4
Pulaski Bridge,61426,2018,5
Pulaski Bridge,67283,2018,6
Pulaski Bridge,67842,2018,7
Pulaski Bridge,65684,2018,8
Pulaski Bridge,62643,2018,9
Pulaski Bridge,57293,2018,10
Pulaski Bridge,34970,2018,11
Pulaski Bridge,28538,2018,12
Pulaski Bridge,26474,2019,1
Pulaski Bridge,26291,2019,2
Pulaski Bridge,36458,2019,3
Pulaski Bridge,52380,2019,4
Pulaski Bridge,59340,2019,5
Pulaski Bridge,65793,2019,6
Pulaski Bridge,64222,2019,7
Pulaski Bridge,68231,2019,8
Pulaski Bridge,72428,2019,9
Pulaski Bridge,55053,2019,10
Pulaski Bridge,37151,2019,11
Pulaski Bridge,22713,2019,12
Pulaski Bridge,32521,2020,1
Pulaski Bridge,29124,2020,2
Pulaski Bridge,40122,2020,3
Pulaski Bridge,40054,2020,4
Pulaski Bridge,83940,2020,5
Pulaski Bridge,96895,2020,6
Pulaski Bridge,93388,2020,7
Pulaski Bridge,98325,2020,8
Pulaski Bridge,97502,2020,9
Pulaski Bridge,80812,2020,10
Pulaski Bridge,64378,2020,11
Pulaski Bridge,37257,2020,12
Pulaski Bridge,39584,2021,1
Pulaski Bridge,20126,2021,2
Pulaski Bridge,53228,2021,3
Pulaski Bridge,65955,2021,4
Pulaski Bridge,79738,2021,5
Kent Ave btw North 8th St and North 9th St,16341,2016,12
Kent Ave btw North 8th St and North 9th St,32071,2017,1
Kent Ave btw North 8th St and North 9th St,40783,2017,2
Kent Ave btw North 8th St and North 9th St,34996,2017,3
Kent Ave btw North 8th St and North 9th St,80863,2017,4
Kent Ave btw North 8th St and North 9th St,93524,2017,5
Kent Ave btw North 8th St and North 9th St,112377,2017,6
Kent Ave btw North 8th St and North 9th St,114918,2017,7
Kent Ave btw North 8th St and North 9th St,112528,2017,8
Kent Ave btw North 8th St and North 9th St,113109,2017,9
Kent Ave btw North 8th St and North 9th St,96043,2017,10
Kent Ave btw North 8th St and North 9th St,59345,2017,11
Kent Ave btw North 8th St and North 9th St,37481,2017,12
Kent Ave btw North 8th St and North 9th St,29311,2018,1
Kent Ave btw North 8th St and North 9th St,36361,2018,2
Kent Ave btw North 8th St and North 9th St,40867,2018,3
Kent Ave btw North 8th St and North 9th St,66385,2018,4
Kent Ave btw North 8th St and North 9th St,98152,2018,5
Kent Ave btw North 8th St and North 9th St,109245,2018,6
Kent Ave btw North 8th St and North 9th St,107832,2018,7
Kent Ave btw North 8th St and North 9th St,100400,2018,8
Kent Ave btw North 8th St and North 9th St,93128,2018,9
Kent Ave btw North 8th St and North 9th St,81605,2018,10
Kent Ave btw North 8th St and North 9th St,47314,2018,11
Kent Ave btw North 8th St and North 9th St,36052,2018,12
Kent Ave btw North 8th St and North 9th St,32977,2019,1
Kent Ave btw North 8th St and North 9th St,34510,2019,2
Kent Ave btw North 8th St and North 9th St,49956,2019,3
Kent Ave btw North 8th St and North 9th St,75999,2019,4
Kent Ave btw North 8th St and North 9th St,92759,2019,5
Kent Ave btw North 8th St and North 9th St,103355,2019,6
Kent Ave btw North 8th St and North 9th St,99687,2019,7
Kent Ave btw North 8th St and North 9th St,106660,2019,8
Kent Ave btw North 8th St and North 9th St,105301,2019,9
Kent Ave btw North 8th St and North 9th St,76963,2019,10
Kent Ave btw North 8th St and North 9th St,51940,2019,11
Kent Ave btw North 8th St and North 9th St,35136,2019,12
Kent Ave btw North 8th St and North 9th St,43269,2020,1
Kent Ave btw North 8th St and North 9th St,40338,2020,2
Kent Ave btw North 8th St and North 9th St,57530,2020,3
Kent Ave btw North 8th St and North 9th St,57440,2020,4
Kent Ave btw North 8th St and North 9th St,121896,2020,5
Kent Ave btw North 8th St and North 9th St,146296,2020,6
Kent Ave btw North 8th St and North 9th St,141430,2020,7
Kent Ave btw North 8th St and North 9th St,149943,2020,8
Kent Ave btw North 8th St and North 9th St,142750,2020,9
Kent Ave btw North 8th St and North 9th St,115529,2020,10
Kent Ave btw North 8th St and North 9th St,88903,2020,11
Kent Ave btw North 8th St and North 9th St,47759,2020,12
Kent Ave btw North 8th St and North 9th St,48987,2021,1
Kent Ave btw North 8th St and North 9th St,32716,2021,2
Kent Ave btw North 8th St and North 9th St,73053,2021,3
Kent Ave btw North 8th St and North 9th St,90909,2021,4
Kent Ave btw North 8th St and North 9th St,115413,2021,5
Brooklyn Bridge Bike Path,8221,2013,12
Brooklyn Bridge Bike Path,14584,2014,1
Brooklyn Bridge Bike Path,10515,2014,2
Brooklyn Bridge Bike Path,28579,2014,3
Brooklyn Bridge Bike Path,63419,2014,4
Brooklyn Bridge Bike Path,90960,2014,5
Brooklyn Bridge Bike Path,95570,2014,6
Brooklyn Bridge Bike Path,94247,2014,7
Brooklyn Bridge Bike Path,98385,2014,8
Brooklyn Bridge Bike Path,40813,2014,9
Brooklyn Bridge Bike Path,0,2014,10
Brooklyn Bridge Bike Path,0,2014,11
Brooklyn Bridge Bike Path,12739,2014,12
Brooklyn Bridge Bike Path,14563,2015,1
Brooklyn Bridge Bike Path,7743,2015,2
Brooklyn Bridge Bike Path,24136,2015,3
Brooklyn Bridge Bike Path,63996,2015,4
Brooklyn Bridge Bike Path,104923,2015,5
Brooklyn Bridge Bike Path,87084,2015,6
Brooklyn Bridge Bike Path,100718,2015,7
Brooklyn Bridge Bike Path,112608,2015,8
Brooklyn Bridge Bike Path,101511,2015,9
Brooklyn Bridge Bike Path,76968,2015,10
Brooklyn Bridge Bike Path,56398,2015,11
Brooklyn Bridge Bike Path,41281,2015,12
Brooklyn Bridge Bike Path,23132,2016,1
Brooklyn Bridge Bike Path,25326,2016,2
Brooklyn Bridge Bike Path,57862,2016,3
Brooklyn Bridge Bike Path,68089,2016,4
Brooklyn Bridge Bike Path,84503,2016,5
Brooklyn Bridge Bike Path,108398,2016,6
Brooklyn Bridge Bike Path,114991,2016,7
Brooklyn Bridge Bike Path,106059,2016,8
Brooklyn Bridge Bike Path,90600,2016,9
Brooklyn Bridge Bike Path,76110,2016,10
Brooklyn Bridge Bike Path,52501,2016,11
Brooklyn Bridge Bike Path,28361,2016,12
Brooklyn Bridge Bike Path,23686,2017,1
Brooklyn Bridge Bike Path,31322,2017,2
Brooklyn Bridge Bike Path,27585,2017,3
Brooklyn Bridge Bike Path,67503,2017,4
Brooklyn Bridge Bike Path,75991,2017,5
Brooklyn Bridge Bike Path,82706,2017,6
Brooklyn Bridge Bike Path,85435,2017,7
Brooklyn Bridge Bike Path,94875,2017,8
Brooklyn Bridge Bike Path,86869,2017,9
Brooklyn Bridge Bike Path,80150,2017,10
Brooklyn Bridge Bike Path,46521,2017,11
Brooklyn Bridge Bike Path,27544,2017,12
Brooklyn Bridge Bike Path,20519,2018,1
Brooklyn Bridge Bike Path,28767,2018,2
Brooklyn Bridge Bike Path,31312,2018,3
Brooklyn Bridge Bike Path,51772,2018,4
Brooklyn Bridge Bike Path,88854,2018,5
Brooklyn Bridge Bike Path,84015,2018,6
Brooklyn Bridge Bike Path,85601,2018,7
Brooklyn Bridge Bike Path,89827,2018,8
Brooklyn Bridge Bike Path,74176,2018,9
Brooklyn Bridge Bike Path,68898,2018,10
Brooklyn Bridge Bike Path,33806,2018,11
Brooklyn Bridge Bike Path,23372,2018,12
Brooklyn Bridge Bike Path,20860,2019,1
Brooklyn Bridge Bike Path,20559,2019,2
Brooklyn Bridge Bike Path,30486,2019,3
Brooklyn Bridge Bike Path,57157,2019,4
Brooklyn Bridge Bike Path,62283,2019,5
Brooklyn Bridge Bike Path,63169,2019,6
Brooklyn Bridge Bike Path,66625,2019,7
Brooklyn Bridge Bike Path,76509,2019,8
Brooklyn Bridge Bike Path,71824,2019,9
Brooklyn Bridge Bike Path,54994,2019,10
Brooklyn Bridge Bike Path,32890,2019,11
Brooklyn Bridge Bike Path,16139,2019,12
Brooklyn Bridge Bike Path,23901,2020,1
Brooklyn Bridge Bike Path,21331,2020,2
Brooklyn Bridge Bike Path,31729,2020,3
Brooklyn Bridge Bike Path,26809,2020,4
Brooklyn Bridge Bike Path,57215,2020,5
Brooklyn Bridge Bike Path,66542,2020,6
Brooklyn Bridge Bike Path,60182,2020,7
Brooklyn Bridge Bike Path,65558,2020,8
Brooklyn Bridge Bike Path,70741,2020,9
Brooklyn Bridge Bike Path,58940,2020,10
Brooklyn Bridge Bike Path,44199,2020,11
Brooklyn Bridge Bike Path,23447,2020,12
Brooklyn Bridge Bike Path,23646,2021,1
Brooklyn Bridge Bike Path,10897,2021,2
Brooklyn Bridge Bike Path,34698,2021,3
Brooklyn Bridge Bike Path,46197,2021,4
Brooklyn Bridge Bike Path,62295,2021,5
8th Ave at 50th St.,67259,2019,12
8th Ave at 50th St.,84837,2020,1
8th Ave at 50th St.,81214,2020,2
8th Ave at 50th St.,76898,2020,3
8th Ave at 50th St.,53997,2020,4
8th Ave at 50th St.,91702,2020,5
8th Ave at 50th St.,107448,2020,6
8th Ave at 50th St.,104385,2020,7
8th Ave at 50th St.,114128,2020,8
8th Ave at 50th St.,120217,2020,9
8th Ave at 50th St.,114182,2020,10
8th Ave at 50th St.,97777,2020,11
8th Ave at 50th St.,71522,2020,12
8th Ave at 50th St.,81264,2021,1
8th Ave at 50th St.,43502,2021,2
8th Ave at 50th St.,82230,2021,3
8th Ave at 50th St.,92934,2021,4
8th Ave at 50th St.,99593,2021,5
Broadway at 50th St,3530,2019,12
Broadway at 50th St,1034,2020,1
Broadway at 50th St,0,2020,2
Broadway at 50th St,0,2020,3
Broadway at 50th St,0,2020,4
Broadway at 50th St,0,2020,5
Broadway at 50th St,0,2020,6
Amsterdam Ave at 86th St.,34013,2019,12
Amsterdam Ave at 86th St.,40676,2020,1
Amsterdam Ave at 86th St.,38276,2020,2
Amsterdam Ave at 86th St.,37356,2020,3
Amsterdam Ave at 86th St.,28823,2020,4
Amsterdam Ave at 86th St.,45199,2020,5
Amsterdam Ave at 86th St.,53435,2020,6
Amsterdam Ave at 86th St.,64047,2020,7
Amsterdam Ave at 86th St.,59716,2020,8
Amsterdam Ave at 86th St.,60728,2020,9
Amsterdam Ave at 86th St.,62626,2020,10
Amsterdam Ave at 86th St.,64999,2020,11
Amsterdam Ave at 86th St.,45438,2020,12
Amsterdam Ave at 86th St.,47999,2021,1
Amsterdam Ave at 86th St.,35773,2021,2
Amsterdam Ave at 86th St.,48974,2021,3
Amsterdam Ave at 86th St.,53783,2021,4
Amsterdam Ave at 86th St.,59319,2021,5
Columbus Ave at 86th St.,26314,2019,12
Columbus Ave at 86th St.,32733,2020,1
Columbus Ave at 86th St.,30926,2020,2
Columbus Ave at 86th St.,30499,2020,3
Columbus Ave at 86th St.,23030,2020,4
Columbus Ave at 86th St.,38531,2020,5
Columbus Ave at 86th St.,45094,2020,6
Columbus Ave at 86th St.,47457,2020,7
Columbus Ave at 86th St.,51127,2020,8
Columbus Ave at 86th St.,54780,2020,9
Columbus Ave at 86th St.,55590,2020,10
Columbus Ave at 86th St.,48740,2020,11
Columbus Ave at 86th St.,38363,2020,12
Columbus Ave at 86th St.,40130,2021,1
Columbus Ave at 86th St.,26644,2021,2
Columbus Ave at 86th St.,41592,2021,3
Columbus Ave at 86th St.,47180,2021,4
Columbus Ave at 86th St.,51955,2021,5
Manhattan Bridge Bike Comprehensive,4684,2012,8
Manhattan Bridge Bike Comprehensive,121943,2012,9
Manhattan Bridge Bike Comprehensive,104489,2012,10
Manhattan Bridge Bike Comprehensive,115034,2012,11
Manhattan Bridge Bike Comprehensive,56814,2012,12
Manhattan Bridge Bike Comprehensive,13579,2013,1
Manhattan Bridge Bike Comprehensive,0,2013,2
Manhattan Bridge Bike Comprehensive,0,2013,3
Manhattan Bridge Bike Comprehensive,0,2013,4
Manhattan Bridge Bike Comprehensive,0,2013,5
Manhattan Bridge Bike Comprehensive,0,2013,6
Manhattan Bridge Bike Comprehensive,0,2013,7
Manhattan Bridge Bike Comprehensive,0,2013,8
Manhattan Bridge Bike Comprehensive,0,2013,9
Manhattan Bridge Bike Comprehensive,0,2013,10
Manhattan Bridge Bike Comprehensive,0,2013,11
Manhattan Bridge Bike Comprehensive,41501,2013,12
Manhattan Bridge Bike Comprehensive,32870,2014,1
Manhattan Bridge Bike Comprehensive,24666,2014,2
Manhattan Bridge Bike Comprehensive,56656,2014,3
Manhattan Bridge Bike Comprehensive,108953,2014,4
Manhattan Bridge Bike Comprehensive,146261,2014,5
Manhattan Bridge Bike Comprehensive,158532,2014,6
Manhattan Bridge Bike Comprehensive,158066,2014,7
Manhattan Bridge Bike Comprehensive,165070,2014,8
Manhattan Bridge Bike Comprehensive,161385,2014,9
Manhattan Bridge Bike Comprehensive,136237,2014,10
Manhattan Bridge Bike Comprehensive,79779,2014,11
Manhattan Bridge Bike Comprehensive,55037,2014,12
Manhattan Bridge Bike Comprehensive,34356,2015,1
Manhattan Bridge Bike Comprehensive,18990,2015,2
Manhattan Bridge Bike Comprehensive,50335,2015,3
Manhattan Bridge Bike Comprehensive,121476,2015,4
Manhattan Bridge Bike Comprehensive,175792,2015,5
Manhattan Bridge Bike Comprehensive,149589,2015,6
Manhattan Bridge Bike Comprehensive,161656,2015,7
Manhattan Bridge Bike Comprehensive,167785,2015,8
Manhattan Bridge Bike Comprehensive,161793,2015,9
Manhattan Bridge Bike Comprehensive,133520,2015,10
Manhattan Bridge Bike Comprehensive,103058,2015,11
Manhattan Bridge Bike Comprehensive,76107,2015,12
Manhattan Bridge Bike Comprehensive,46014,2016,1
Manhattan Bridge Bike Comprehensive,49088,2016,2
Manhattan Bridge Bike Comprehensive,102369,2016,3
Manhattan Bridge Bike Comprehensive,116920,2016,4
Manhattan Bridge Bike Comprehensive,138717,2016,5
Manhattan Bridge Bike Comprehensive,174319,2016,6
Manhattan Bridge Bike Comprehensive,148319,2016,7
Manhattan Bridge Bike Comprehensive,157245,2016,8
Manhattan Bridge Bike Comprehensive,166614,2016,9
Manhattan Bridge Bike Comprehensive,140417,2016,10
Manhattan Bridge Bike Comprehensive,101994,2016,11
Manhattan Bridge Bike Comprehensive,60957,2016,12
Manhattan Bridge Bike Comprehensive,54869,2017,1
Manhattan Bridge Bike Comprehensive,67745,2017,2
Manhattan Bridge Bike Comprehensive,59419,2017,3
Manhattan Bridge Bike Comprehensive,125232,2017,4
Manhattan Bridge Bike Comprehensive,147676,2017,5
Manhattan Bridge Bike Comprehensive,166697,2017,6
Manhattan Bridge Bike Comprehensive,160689,2017,7
Manhattan Bridge Bike Comprehensive,169655,2017,8
Manhattan Bridge Bike Comprehensive,168701,2017,9
Manhattan Bridge Bike Comprehensive,156712,2017,10
Manhattan Bridge Bike Comprehensive,101312,2017,11
Manhattan Bridge Bike Comprehensive,61129,2017,12
Manhattan Bridge Bike Comprehensive,47658,2018,1
Manhattan Bridge Bike Comprehensive,61253,2018,2
Manhattan Bridge Bike Comprehensive,66652,2018,3
Manhattan Bridge Bike Comprehensive,103181,2018,4
Manhattan Bridge Bike Comprehensive,165112,2018,5
Manhattan Bridge Bike Comprehensive,167155,2018,6
Manhattan Bridge Bike Comprehensive,152359,2018,7
Manhattan Bridge Bike Comprehensive,152208,2018,8
Manhattan Bridge Bike Comprehensive,136681,2018,9
Manhattan Bridge Bike Comprehensive,144631,2018,10
Manhattan Bridge Bike Comprehensive,84183,2018,11
Manhattan Bridge Bike Comprehensive,64871,2018,12
Manhattan Bridge Bike Comprehensive,59455,2019,1
Manhattan Bridge Bike Comprehensive,57232,2019,2
Manhattan Bridge Bike Comprehensive,83482,2019,3
Manhattan Bridge Bike Comprehensive,129394,2019,4
Manhattan Bridge Bike Comprehensive,133906,2019,5
Manhattan Bridge Bike Comprehensive,137072,2019,6
Manhattan Bridge Bike Comprehensive,143585,2019,7
Manhattan Bridge Bike Comprehensive,153611,2019,8
Manhattan Bridge Bike Comprehensive,160842,2019,9
Manhattan Bridge Bike Comprehensive,129658,2019,10
Manhattan Bridge Bike Comprehensive,92154,2019,11
Manhattan Bridge Bike Comprehensive,51462,2019,12
Manhattan Bridge Bike Comprehensive,75852,2020,1
Manhattan Bridge Bike Comprehensive,65966,2020,2
Manhattan Bridge Bike Comprehensive,87907,2020,3
Manhattan Bridge Bike Comprehensive,56735,2020,4
Manhattan Bridge Bike Comprehensive,118840,2020,5
Manhattan Bridge Bike Comprehensive,161301,2020,6
Manhattan Bridge Bike Comprehensive,166891,2020,7
Manhattan Bridge Bike Comprehensive,179327,2020,8
Manhattan Bridge Bike Comprehensive,199201,2020,9
Manhattan Bridge Bike Comprehensive,175780,2020,10
Manhattan Bridge Bike Comprehensive,135962,2020,11
Manhattan Bridge Bike Comprehensive,82539,2020,12
Manhattan Bridge Bike Comprehensive,81672,2021,1
Manhattan Bridge Bike Comprehensive,42538,2021,2
Manhattan Bridge Bike Comprehensive,108479,2021,3
Manhattan Bridge Bike Comprehensive,134551,2021,4
Manhattan Bridge Bike Comprehensive,167456,2021,5
